{
  "max": [0.665,0.576,0.606,0.647,0.757,0.672,0.799,0.622,0.815,1,0.993,1,0.987,0.982,0.981,1,0.979,0.988,0.989,0.987,1,0.977,0.98,0.989,1,0.989,0.981,0.994,0.988,1,0.986,0.998,0.981,0.98,0.999,0.981,0.992,1,0.995,1,0.978,0.984,0.984,1,0.998,0.988,0.98,1,1,0.991,0.983,0.985,0.982,0.985,0.981,0.976,0.994,1,0.992,0.993,0.998,0.99,0.98,0.991,0.998,0.987,0.988,0.996,1,1,0.986,0.98,0.986,0.993,1,0.981,1,0.986,0.993,0.988,0.994,0.976,0.991,0.987,1,0.989,0.982,0.977,0.991,0.989,0.985,1,0.999,0.997,0.983,0.974,0.983,0.986,1,0.998,0.991,0.983,1,0.992,0.992,0.981,0.994,0.994,0.991,0.993,0.991,0.993,0.998,1,0.988,0.985,0.954,0.792,0.755,0.961,0.97,0.95,0.971,0.988,0.988,1,0.991,0.995,0.992,0.985,0.995,0.989,0.977,0.975,0.987,0.991,0.979,0.975,0.989,1,0.997,0.995,0.992,0.988,1,0.993,1,0.991,0.992,0.995,1,0.992,0.993,0.996,0.995,1,0.999,0.993,1,0.997,1,1,0.996,1,1,0.993,0.993,0.991,1,1,0.996,1,0.99,1,0.985,1,0.984,0.985,0.992,0.998,0.995,1,1,1,0.986,1,0.981,1,0.989,0.999,0.991,0.991,0.973,0.706,0.45,0.292,0.138,0.0445,0.00534,0.000214],
  "duration":278.873840
}
