{
  "max": [0.000916,0.0261,0.0409,0.0504,0.0676,0.0636,0.0595,0.0663,0.0611,0.0672,0.0697,0.0739,0.0652,0.0812,0.16,0.126,0.157,0.141,0.137,0.124,0.122,0.145,0.133,0.145,0.141,0.15,0.14,0.145,0.171,0.166,0.164,0.156,0.149,0.155,0.136,0.15,0.173,0.154,0.228,0.226,0.208,0.227,0.232,0.182,0.217,0.222,0.212,0.25,0.234,0.222,0.265,0.223,0.253,0.262,0.225,0.209,0.285,0.243,0.498,0.547,0.312,0.488,0.206,0.263,0.514,0.228,0.471,0.563,0.235,0.249,0.38,0.263,0.379,0.432,0.522,0.416,0.466,0.454,0.411,0.498,0.466,0.315,0.434,0.489,0.46,0.532,0.438,0.42,0.409,0.446,0.464,0.386,0.44,0.384,0.462,0.48,0.401,0.43,0.45,0.64,0.556,0.684,0.499,0.544,0.441,0.465,0.415,0.549,0.513,0.391,0.53,0.526,0.464,0.422,0.592,0.47,0.515,0.469,0.444,0.446,0.578,0.446,0.557,0.584,0.568,0.681,0.588,0.612,0.571,0.551,0.52,0.465,0.568,0.571,0.486,0.58,0.633,0.551,0.646,0.564,0.574,0.61,0.557,0.51,0.599,0.529,0.542,0.605,0.52,0.707,0.758,0.633,0.619,0.543,0.585,0.59,0.657,0.744,0.666,0.656,0.786,0.644,0.773,0.795,0.669,0.648,0.549,0.425,0.544,0.355,0.43,0.455,0.414,0.328,0.332,0.366,0.295,0.232,0.189,0.169,0.156,0.149,0.14,0.116,0.0862,0.0897,0.0579,0.0675,0.037,0.0263,0.0206,0.0127,0.00964,0.00726,0.00482,0.00424,0.00363,0.00235,0.00134,0.000519],
  "duration":255.804993
}
